source,reference
敬祝身体建慷。,敬祝身体健康。
你的家人的生体好？,你的家人的身体好？
他从是坐公车去学校。,他总是坐公车去学校。
妳的朋友，障爱文。,妳的朋友，张爱文。
王天华，你好马？,王天华，你好吗？
发山很有意思。,爬山很有意思。
我发山发的很好。,我爬山爬的很好。
我发山发了六个小时。,我爬山爬了六个小时。
他杏林，叫小安。,他姓林，叫小安。
他也很喜欢发山。,他也很喜欢爬山。
他方假的时候去爬山。,他放假的时候去爬山。
我最喜欢哪个地方！,我最喜欢那个地方！
天起那里不怎么好。,天气那里不怎么好。
因为我家的风景跟美。,因为我家的风景很美。
情爱的朋友。,亲爱的朋友。
我很西欢吃中国饭。,我很喜欢吃中国饭。
我跟我泰泰都惜欢。,我跟我太太都喜欢。
我要词反。,我要吃饭。
你的身体号码？,你的身体好吗？
我要吃日本蔡。,我要吃日本菜。
要一个新生他叫大明。,有一个新生他叫大明。
这城市很少对不对？,这城市很小对不对？
他问一个小姐棒他。,他问一个小姐帮他。
塔说那便是亏快的路。,他说那边是最快的路。
我跟我的风友学中文。,我跟我的朋友学中文。
我觉得他票亮得很。,我觉得他漂亮得很。
今天他学习的很愉快。,今天他学习得很愉快。
你是我的学生阿？,你是我的学生啊？
她教我怎吗去学校了。,她教我怎么去学校了。
那本是美国的坻里。,那本是美国的地理。
她长大了便很帅！,她长大了变很帅！
我的头有疑点藤。,我的头有一点疼。
希望后天我会上可了。,希望后天我会上课了。
我来台弯才一个多月。,我来台湾才一个多月。
我们也有一支狗。,我们也有一只狗。
我有将学金。,我有奖学金。
我来界上一下。,我来介绍一下。
我明天不难去上课。,我明天不能去上课。
大明进张得不得了。,大明紧张得不得了。
纸呢身体健康。,祝你身体健康。
我希望你很快快复。,我希望你很快恢复。
助你身体健康。,祝你身体健康。
你的身体拿里不好呢？,你的身体哪里不好呢？
我希冠你快要好了。,我希望你快要好了。
我提你们很高兴喔。,我替你们很高兴喔。
他们的衣服都不干。,他们的衣服都不干。
我门是王天华的家人。,我们是王天华的家人。
对阿，我们快烤肉吧！,对啊，我们快烤肉吧！
老是较书。,老师教书。
炽爱的大民，你好！,挚爱的大明，你好！
情爱的李大明。,亲爱的李大明。
没问题，那你去把！,没问题，那你去吧！
我们都超爱喝埤酒。,我们都超爱喝啤酒。
此至，祝大安,此致，祝大安
凡事训利。,凡事顺利。
天华谨上。,天华敬上。
情爱的父亲。,亲爱的父亲。
祝你周末的愉快。,祝你週末得愉快。
新爱父亲。,亲爱父亲。
祝您工作顺利！敬词！,祝您工作顺利！钦此！
季厂长您好！,李厂长您好！
情爱的李厂长！,亲爱的李厂长！
这是我的看话。,这是我的看法。
必老师改他的教法,逼老师改他的教法
星期天间！,星期天见！
王宣家：,王宜家：
王宣家,王宜家
下个星期路见！,下个星期六见！
王宣家你好！,王宜家你好！
情爱的王家,亲爱的王家
新正如意！新年发财！,新年如意！新年发财！
情爱的王宜家,亲爱的王宜家
你的朋友利希平。,你的朋友李希平。
情爱的王老师,亲爱的王老师
珠你天天快乐！,祝你天天快乐！
清爱的好朋友,亲爱的好朋友
情爱的李小家,亲爱的李小家
您最近怎马样？,您最近怎么样？
谢谢来是！,谢谢老师！
准警的老师。,尊敬的老师。
女儿适云扣上。,女儿适云叩上。
玄庄的三徒弟是莎增。,玄奘的三徒弟是沙僧。
情爱的天华。,亲爱的天华。
请爱的王天华。,亲爱的王天华。
情爱的王天华你好！,亲爱的王天华你好！
王天华受信愉快。,王天华收信愉快。
请爱的朋友！,亲爱的朋友！
我很起待你的回答！,我很期待你的回答！
心爱的李大明！,亲爱的李大明！
觐爱的李大明！,敬爱的李大明！
敬爱！,亲爱！
请爱的李大明！,亲爱的李大明！
情爱的李大明。,亲爱的李大明。
住你快乐！,祝你快乐！
是那一天？,是哪一天？
